06_06_00_11_50,55,M,4,1,0,1,1,1,1,1,0,1,0,1,1,0,1,0,0,2,0,0,0,0,2,0
08_08_00_22_11,46,F,3,0,0,0,0,0,0,0,0,0,1,1,0,0,0,2,0,2,0,0,1,0,5,1
24_10_00_10_07,41,F,3,0,0,1,0,0,1,1,0,1,0,1,0,0,1,2,0,2,1,0,0,0,5,1
05_09_00_22_33,16,F,4,0,0,1,0,1,1,0,0,1,0,1,0,0,1,2,2,2,0,0,0,0,6,1
06_12_00_13_52,65,F,3,0,0,1,0,0,0,0,0,0,1,1,0,0,0,2,0,0,0,0,1,0,3,1
984126_a,16,M,9,0,0,1,0,1,1,1,0,1,0,1,0,1,1,2,2,2,0,0,0,1,7,1
05_09_00_00_24,53,F,11,1,0,1,0,0,1,1,1,0,0,1,0,1,1,2,2,2,0,0,0,1,7,1
06_12_00_10_13,77,F,3,0,0,0,0,0,0,0,0,0,1,1,0,0,0,2,0,0,0,0,0,0,2,0
06_12_00_15_05,53,M,8,0,0,1,0,0,0,0,0,0,1,0,0,1,0,2,0,0,0,0,0,1,3,1
433397_a,40,M,6,0,1,1,1,0,1,1,1,0,0,1,0,1,1,0,0,0,0,0,1,0,1,0
688019_a,35,f,10,0,0,1,0,0,0,0,0,1,0,1,0,1,1,2,2,2,1,0,0,1,8,1
749590_a,13,f,10,0,0,1,1,0,1,1,1,0,0,1,0,1,1,0,0,0,0,0,0,1,1,0
03_01_01_11_17,33,F,3,0,0,1,0,0,0,0,0,0,1,1,0,0,0,0,0,2,0,0,0,0,2,0
01_12_00_14_26,28,F,5,0,0,1,0,1,0,0,0,1,0,1,0,0,1,0,0,2,0,0,0,0,2,0
261184_a,76,F,7,0,0,1,0,1,0,0,0,1,0,1,0,1,1,0,0,0,0,0,0,1,1,0
06_12_00_15_11,57,F,3,0,0,1,0,0,0,0,0,0,1,1,0,0,0,0,0,0,0,0,0,0,0,0
1003431_a,33,f,5,0,0,0,0,0,0,0,1,0,0,1,0,0,1,0,0,0,0,1,1,0,2,0
729645_a,35,F,6,0,0,1,0,0,0,0,0,1,0,1,0,1,1,0,0,2,0,0,0,0,2,0
02_06_00_15_55,86,M,11,0,1,1,1,0,1,1,1,0,0,1,0,1,1,0,0,0,0,1,0,1,2,0
21_07_00_04_38,15,F,4,0,1,1,1,1,1,1,1,0,0,1,1,0,1,2,0,2,0,0,0,0,4,1
22_08_00_21_56,22,F,2,0,0,1,0,0,0,0,1,0,0,1,0,0,1,0,0,0,0,0,0,0,0,0
06_12_00_09_57,64,M,6,0,1,1,0,0,1,0,1,0,0,1,0,1,1,2,0,0,0,0,1,0,3,1
1453858_a,31,M,4,0,0,0,1,0,1,1,0,0,1,1,0,0,0,0,0,0,0,0,0,0,0,0
02_10_00_12_56,18,F,4,0,0,1,0,0,1,0,0,1,0,1,0,0,1,2,0,2,0,0,1,0,5,1
1316716_a,52,f,20,0,0,1,0,0,0,0,1,0,0,1,0,1,1,0,2,2,0,0,0,1,5,1
1075943_a,29,F,10,0,1,1,1,1,1,1,0,1,0,1,1,1,1,2,2,0,0,0,0,1,5,1
26_05_00_14_28,30,F,5,0,0,1,0,1,0,0,1,0,0,1,0,0,1,0,0,2,0,0,0,0,2,0
06_11_00_10_46,54,F,17,0,1,1,1,1,1,1,1,0,0,1,1,1,1,2,2,0,0,0,0,1,5,1
1405577_a,35,F,4,0,0,1,0,0,0,0,1,0,0,1,0,0,1,0,0,0,0,0,0,0,0,0
29_08_00_21_57,29,F,2,1,0,1,0,0,1,1,0,1,0,1,0,0,1,2,2,2,1,1,1,0,9,1
19_06_00_11_52,54,F,22,1,0,1,1,0,1,1,1,0,0,1,0,1,1,2,2,2,0,0,0,1,7,1
21_07_00_03_21,22,M,7,0,1,0,1,0,1,1,0,1,0,1,0,1,1,0,0,0,0,0,0,1,1,0
21_11_00_11_42,19,F,6,0,0,1,0,1,0,0,1,0,0,1,0,1,1,0,0,0,0,0,1,0,1,0
03_01_01_13_29,72,M,3,0,0,1,0,0,0,0,0,0,1,1,0,0,0,0,0,0,0,0,0,0,0,0
06_06_00_09_24,32,M,13,0,0,0,1,1,1,1,1,0,0,1,1,1,1,0,0,0,0,0,0,1,1,0
23_06_00_15_20,20,F,4,0,0,1,0,0,0,0,1,0,0,1,0,0,1,2,2,2,0,0,1,0,7,1
30_06_00_16_00,84,M,6,0,0,1,0,0,0,0,0,0,1,1,0,1,0,0,0,2,0,1,0,0,3,1
14_11_00_09_21,47,F,3,0,1,1,0,0,0,0,1,0,0,1,0,0,1,0,0,0,0,1,1,0,2,0
19_05_00_16_47,43,M,9,1,1,1,1,1,1,1,1,0,0,1,1,1,1,2,2,2,0,0,1,1,8,1
180834_a,77,m,200,1,1,1,1,1,1,1,1,0,0,1,1,1,1,0,0,0,0,0,0,1,1,0
02_09_00_03_15,26,F,3,0,0,1,0,0,0,0,0,0,1,1,0,0,0,2,0,2,1,1,1,0,7,1
16_10_00_09_44,42,F,2,0,0,1,0,0,1,0,1,0,0,1,0,0,1,0,0,2,0,0,0,0,2,0
1374317_a,25,F,3,0,0,1,0,0,0,0,0,1,0,1,0,0,1,2,0,0,0,0,0,0,2,0
1397532_a,34,m,6,0,0,0,1,0,0,0,0,0,0,1,0,1,1,2,2,2,0,0,0,0,6,1
29_08_00_21_21,33,F,3,0,0,1,0,1,1,1,0,0,0,1,0,0,1,0,0,0,0,0,0,0,0,0
1430847_b,40,f,10,0,0,1,1,0,0,0,0,1,0,1,0,1,1,2,0,0,0,0,0,1,3,1
05_09_00_22_32,16,F,5,0,0,1,0,0,0,0,1,0,0,1,0,0,1,2,2,2,0,0,0,0,6,1
1498238_a,75,M,15,0,1,1,1,0,1,1,1,0,0,1,0,1,1,2,2,2,0,1,0,1,8,1
1435553_a,16,f,8,0,0,1,0,0,0,0,1,0,0,1,0,1,1,2,0,0,0,0,1,1,4,1
30_05_00_10_14,19,M,3,0,0,1,1,1,1,1,0,0,1,1,1,0,0,2,0,2,0,0,0,0,4,1
26_05_00_16_05,41,F,8,0,1,1,0,0,0,0,1,0,0,1,0,1,1,0,0,0,0,0,0,1,1,0
31_10_00_11_35,80,M,12,0,1,1,1,1,1,1,1,0,0,1,1,1,1,0,0,0,0,0,0,1,1,0
1496939_a,29,F,6,0,1,1,0,0,1,0,0,1,0,1,0,1,1,2,2,2,0,1,1,0,8,1
13_11_00_10_17,44,M,2,0,0,1,0,0,1,0,0,1,0,1,0,0,1,2,0,2,1,0,0,0,5,1
11_07_00_11_11,4,F,65,0,0,0,0,1,0,1,0,0,1,1,0,1,0,2,0,2,0,0,0,1,5,1
17_11_00_15_00,77,F,8,0,1,1,0,0,0,0,0,1,0,0,0,1,1,0,0,0,0,0,0,1,1,0
21_08_00_21_40,29,M,3,0,0,0,0,0,1,0,0,0,1,0,0,0,0,2,2,2,0,0,0,0,6,1
22_08_00_21_06,19,M,3,0,1,1,0,1,0,0,0,1,0,1,0,0,1,0,0,0,0,0,0,0,0,0
13_06_00_09_07,22,F,5,0,1,1,0,0,1,0,1,0,0,1,0,0,1,0,0,0,0,0,0,0,0,0
325357_a,60,f,5,0,0,1,0,1,0,0,0,0,1,0,0,0,0,2,0,0,0,1,0,0,3,1
17_11_00_14_04,51,F,3,1,0,1,1,1,1,1,0,0,1,1,1,0,0,0,0,0,0,0,0,0,0,0
1435811_a,25,m,8,0,0,1,0,0,0,0,1,0,0,1,0,1,1,2,2,0,0,0,0,1,5,1
03_01_01_10_51,68,F,12,0,0,1,0,0,0,0,0,1,0,1,0,1,1,0,0,2,0,0,0,1,3,1
01_12_00_15_47,34,F,4,0,0,1,1,1,1,0,0,1,0,1,1,0,1,2,0,2,0,0,0,0,4,1
01_12_00_16_33,17,F,3,0,0,1,0,0,0,0,0,1,0,1,0,0,1,0,0,2,0,0,0,0,2,0
13_11_00_08_58,31,F,3,0,0,1,0,0,0,0,0,1,0,1,0,0,1,2,0,0,0,1,0,0,3,1
730057_a,17,m,14,0,1,1,1,1,1,1,0,1,0,1,1,1,1,0,0,2,0,0,1,1,4,1
02_10_00_12_55,18,F,3,0,0,1,0,0,0,0,0,0,1,1,0,0,0,0,0,0,0,0,0,0,0,0
26_08_00_03_38,37,M,3,0,0,1,1,1,1,0,1,0,0,1,1,0,1,2,0,0,0,0,0,0,2,0
22_11_00_14_40,80,F,8,0,0,0,0,1,0,0,0,0,1,1,0,1,0,0,0,0,0,1,0,1,2,0
23_07_00_21_05,47,F,3,0,0,1,0,0,0,0,0,0,1,1,0,0,0,0,2,2,1,0,0,0,5,1
24_08_00_00_33,61,F,20,1,1,1,0,1,1,0,1,0,0,1,0,1,1,0,0,0,0,0,1,1,2,0
1002256_b,36,F,6,0,1,1,0,0,1,1,0,0,1,1,0,1,0,0,0,0,0,0,0,0,0,0
03_10_00_09_17,23,F,3,0,0,1,0,0,0,0,0,0,1,1,0,0,0,0,0,0,0,1,0,0,1,0
27_10_00_16_21,72,F,6,0,0,1,0,0,0,0,1,0,0,1,0,1,1,0,0,0,0,0,0,0,0,0
749590_b,13,f,8,0,0,1,0,0,0,0,1,0,0,1,0,1,1,0,0,0,0,0,0,1,1,0
06_11_00_11_30,53,F,4,0,0,1,0,0,1,1,1,0,0,1,0,0,1,2,2,2,0,0,1,0,7,1
03_01_01_15_30,66,F,6,0,0,1,0,0,0,0,0,0,1,1,0,1,0,2,0,2,0,0,0,0,4,1
03_10_00_13_55,79,F,32,1,1,1,1,1,1,1,1,0,0,1,1,1,1,2,0,2,0,0,0,1,5,1
24_11_00_14_05,41,M,4,0,0,1,0,0,0,0,0,1,0,1,0,0,1,0,0,0,0,1,1,0,2,0
09_10_00_09_57,47,F,4,0,0,0,0,0,0,0,0,1,0,1,0,0,1,0,0,0,0,1,1,0,2,0
03_01_01_10_08,76,F,8,0,0,1,0,0,0,0,0,1,0,1,0,1,1,0,0,0,0,0,1,1,2,0
1455636_a,32,f,12,0,0,1,0,1,0,0,0,0,1,1,0,1,0,2,0,2,0,0,0,1,5,1
898196_a,8,m,7,0,0,1,0,0,0,0,0,0,1,1,0,1,0,0,0,0,0,0,1,1,2,0
06_12_00_13_42,81,F,12,0,0,1,0,1,0,0,0,0,1,1,0,1,0,2,0,0,0,0,0,1,3,1
1335570_b,30,M,3,0,1,1,0,1,1,1,0,1,0,1,0,0,1,0,0,0,0,0,0,0,0,0
18_07_00_00_02,22,F,3,0,1,1,1,1,1,1,1,0,0,1,1,0,1,0,0,0,0,0,0,0,0,0
12_01_01_14_21,26,F,6,0,0,1,0,0,1,0,0,1,0,1,0,1,1,0,0,0,0,0,0,0,0,0
03_01_01_15_07,41,F,6,0,0,1,0,0,0,0,0,0,1,1,0,1,0,0,0,0,0,0,0,0,0,0
468327_a,76,F,7,0,0,1,0,0,0,0,0,0,1,0,0,1,0,2,0,0,0,0,0,1,3,1
03_10_00_11_34,51,M,6,1,0,1,1,1,1,1,1,0,0,1,1,1,1,2,2,0,0,0,0,0,4,1
26_05_00_15_14,65,F,20,1,0,1,0,1,1,0,1,0,0,1,0,1,1,2,2,2,0,0,0,1,7,1
23_05_00_11_10,43,M,6,0,1,1,0,0,0,0,0,1,0,1,0,1,1,0,0,0,1,1,1,0,3,1
14_07_00_03_12,51,F,5,0,0,1,0,0,0,0,0,1,0,1,0,0,1,0,0,0,0,0,0,0,0,0
22_11_00_14_33,74,F,6,0,0,1,0,0,0,0,0,0,1,1,0,1,0,0,0,0,0,0,0,0,0,0
12_12_00_09_18,14,F,3,0,0,1,1,0,1,0,0,0,1,1,0,0,0,0,2,0,0,0,0,0,2,0
12_12_00_11_41,74,M,11,1,1,1,1,1,1,1,1,0,0,1,1,1,1,0,0,0,0,0,0,1,1,0
20_11_00_09_10,33,F,3,0,0,0,0,0,0,0,0,0,1,0,0,0,0,2,0,0,1,1,1,0,5,1
03_01_01_15_05,41,F,12,0,0,1,0,0,1,0,0,1,0,1,0,1,1,0,0,0,0,0,0,1,1,0
08_08_00_21_06,25,F,5,0,0,1,0,0,0,0,0,1,0,1,0,0,1,2,2,2,0,0,1,0,7,1
807948_a,38,f,3,0,0,1,0,1,1,1,0,1,0,1,0,0,1,2,2,2,0,0,0,0,6,1
19_05_00_14_07,26,M,6,0,0,1,0,1,0,0,0,0,1,1,0,1,0,0,0,0,0,0,1,0,1,0
23_05_00_09_14,15,M,15,0,1,0,1,0,1,1,1,0,0,1,0,1,1,0,0,0,0,0,0,1,1,0
29_09_00_14_21,39,M,4,0,1,1,1,1,1,1,0,0,1,1,1,0,0,0,0,0,0,0,0,0,0,0
11_12_00_11_12,46,F,6,1,1,1,1,1,1,1,1,0,0,1,1,1,1,2,2,2,0,0,1,0,7,1
11_07_00_11_25,44,M,14,0,0,1,1,1,0,0,1,0,0,1,1,1,1,2,0,0,0,0,0,1,3,1
01_12_00_14_57,38,M,12,0,0,1,0,1,0,0,0,0,1,1,0,1,0,2,0,0,0,0,0,1,3,1
30_05_00_11_16,53,M,9,1,1,1,1,1,1,1,1,0,0,1,1,1,1,2,2,2,0,0,0,1,7,1
23_10_00_09_55,10,F,30,0,0,0,0,0,0,0,1,0,0,1,0,1,1,0,0,0,0,0,0,1,1,0
1492517_a,75,f,55,1,1,1,1,0,1,1,1,0,0,1,0,1,1,2,2,2,1,1,1,1,10,1
08_01_01_10_44,62,F,15,1,1,1,1,1,1,1,1,0,0,1,1,1,1,2,2,2,0,0,1,1,8,1
02_09_00_04_21,59,M,5,0,0,1,0,1,1,1,1,0,0,1,0,0,1,0,0,0,0,0,0,0,0,0
12_12_00_10_04,33,M,8,0,0,1,1,1,1,1,0,1,0,1,1,1,1,2,0,2,0,0,0,1,5,1
16_05_00_10_20,52,F,3,0,0,1,1,1,1,0,0,1,0,1,1,0,1,0,0,0,0,0,0,0,0,0
03_01_01_14_23,53,M,4,0,0,1,0,0,0,0,0,0,1,1,0,0,0,2,0,0,0,1,0,0,3,1
03_07_00_12_28,41,F,3,0,0,0,1,0,1,1,0,0,1,1,0,0,0,0,0,2,1,0,1,0,4,1
26_08_00_03_37,37,M,3,0,1,1,1,1,1,1,1,0,0,1,1,0,1,0,0,2,0,0,0,0,2,0
14_08_00_23_41,38,M,15,0,0,0,0,0,0,0,1,0,0,1,0,1,1,2,2,2,0,0,0,1,7,1
25_07_00_21_25,43,F,5,0,0,1,0,0,0,0,1,0,0,1,0,0,1,0,0,0,0,0,0,0,0,0
03_01_01_10_22,56,M,6,0,0,0,0,0,0,0,0,0,1,0,0,1,0,0,0,2,0,1,0,0,3,1
26_08_00_04_44,84,M,8,0,1,1,1,1,1,1,1,0,0,1,1,1,1,2,2,0,0,0,0,1,5,1
46389_a,53,m,16,0,1,1,0,0,0,0,1,0,0,1,0,1,1,2,2,2,0,0,1,1,8,1
13_12_00_13_58,58,F,4,0,0,1,1,1,1,1,0,0,1,1,1,0,0,0,0,2,0,0,1,0,3,1
28_11_00_10_55,35,F,7,0,0,1,0,0,0,0,0,1,0,1,0,1,1,2,0,0,0,0,0,1,3,1
05_08_00_02_39,33,M,3,0,0,1,0,0,1,1,0,1,0,1,0,0,1,0,0,0,0,0,1,0,1,0
983597_a,54,F,25,0,0,0,0,0,0,0,0,0,1,1,0,1,0,2,0,0,0,1,0,1,4,1
09_10_00_11_50,31,F,3,0,0,1,0,0,0,0,1,0,0,1,0,0,1,2,2,0,0,0,0,0,4,1
21_11_00_09_22,35,M,5,0,0,1,0,0,0,0,1,0,0,1,0,0,1,2,2,2,0,0,0,0,6,1
1335570_a,30,M,3,0,0,1,0,0,0,0,1,0,0,1,0,0,1,0,0,0,0,0,0,0,0,0
05_09_00_21_16,44,F,4,0,0,0,1,0,1,1,1,0,0,1,0,0,1,2,2,2,0,0,0,0,6,1
02_09_00_02_37,25,F,3,0,0,0,0,0,0,0,0,0,1,1,0,0,0,0,0,2,0,0,0,0,2,0
08_01_01_09_35,18,F,4,0,0,0,0,0,0,0,0,0,1,1,0,0,0,2,0,0,0,1,0,0,3,1
06_06_00_11_05,57,M,6,0,1,1,0,0,1,0,1,0,0,1,0,1,1,2,0,0,0,1,1,0,4,1
1405141_a,25,M,33,0,0,0,0,0,0,0,1,0,0,1,0,1,1,0,0,0,0,0,0,1,1,0
04_09_00_23_48,68,F,12,1,1,1,1,1,1,1,0,1,0,1,1,1,1,2,2,2,1,0,1,1,9,1
28_11_00_09_54,38,F,7,0,0,0,0,0,0,0,1,0,0,1,0,1,1,2,0,0,0,0,0,1,3,1
11_12_00_12_56,49,M,20,1,1,1,1,0,1,1,1,0,0,1,0,1,1,0,0,0,0,0,0,1,1,0
26_08_00_04_30,56,M,8,1,1,1,0,0,1,1,1,0,0,1,0,1,1,0,0,0,0,0,0,1,1,0
23_07_00_22_05,40,F,5,0,0,1,0,0,0,0,1,0,0,1,0,0,1,0,0,0,0,0,0,0,0,0
26_08_00_02_36,58,F,6,0,0,1,0,0,0,0,1,0,0,1,0,1,1,2,0,0,1,1,0,0,4,1
23_06_00_15_17,20,F,4,0,0,1,0,1,0,0,0,1,0,1,0,0,1,2,2,2,0,1,1,0,8,1
10_10_00_10_52,26,F,4,0,0,1,0,0,0,0,1,0,0,1,0,0,1,2,2,0,0,0,0,0,4,1
09_06_00_16_42,47,M,5,0,1,0,1,0,1,1,0,1,0,1,0,0,1,0,2,2,0,0,0,0,4,1
632973_a,65,F,23,0,0,1,0,0,1,0,1,0,0,1,0,1,1,0,0,2,0,0,0,1,3,1
05_09_00_01_57,7,F,5,0,0,1,0,0,1,1,0,1,0,1,0,0,1,0,0,0,0,0,1,0,1,0
16_10_00_10_58,53,M,8,0,1,1,0,1,1,1,0,1,0,1,0,1,1,0,0,0,0,0,0,1,1,0
365706_a,34,f,8,0,1,1,0,1,1,1,1,0,0,1,0,1,1,0,0,2,0,0,0,1,3,1
800052_a,12,F,8,0,0,1,1,1,1,1,0,0,1,1,1,1,0,0,0,2,0,0,0,1,3,1
761817_a,16,m,12,0,1,1,1,0,1,1,1,0,0,1,0,1,1,2,0,0,1,0,0,1,4,1
18_12_00_09_16,22,F,3,0,1,1,1,1,1,1,0,1,0,1,1,0,1,2,2,2,0,0,1,0,7,1
02_01_01_09_42,78,M,8,0,0,0,0,1,1,0,1,0,0,1,0,1,1,0,0,0,0,0,0,1,1,0
23_10_00_10_35,69,M,22,1,1,1,1,1,1,1,1,0,0,1,1,1,1,2,2,2,0,0,0,1,7,1
23_06_00_16_16,7,F,3,0,1,0,1,1,1,1,0,0,1,1,1,0,0,2,2,2,0,0,0,0,6,1
23_10_00_08_57,72,F,3,0,1,1,1,0,1,1,0,1,0,1,0,0,1,0,0,0,0,0,0,1,1,0
08_01_01_10_21,44,F,3,0,0,1,0,0,0,0,0,1,0,0,0,0,1,0,0,0,0,0,0,0,0,0
417776_b,56,F,5,0,0,1,0,0,1,1,1,0,0,1,0,0,1,0,0,0,0,0,0,0,0,0
16_05_00_09_45,22,M,10,1,1,1,0,0,1,0,1,0,0,1,0,1,1,0,0,0,0,0,0,1,1,0
03_01_01_10_06,76,F,3,0,1,1,0,0,1,1,1,0,0,1,0,0,1,0,0,0,0,0,1,0,1,0
23_08_00_00_04,21,F,3,0,0,0,0,1,0,0,0,0,1,0,0,0,0,2,0,0,0,0,0,0,2,0
03_07_00_11_47,46,F,8,0,0,1,0,1,1,1,1,0,0,1,0,1,1,2,2,2,0,0,0,1,7,1
15_08_00_23_04,19,F,3,0,1,1,1,0,1,1,0,0,1,1,0,0,0,2,0,0,0,0,0,0,2,0
23_07_00_21_09,47,F,4,0,0,1,0,1,1,0,0,0,1,1,0,0,0,2,0,2,0,0,0,0,4,1
02_01_01_11_24,8,F,12,0,0,1,0,0,1,0,0,1,0,1,0,1,1,2,2,0,0,0,0,1,5,1
943420_a,37,F,3,0,1,0,1,0,1,1,0,0,1,1,0,0,0,2,0,0,0,0,0,0,2,0
29_08_00_23_34,45,F,6,1,1,1,1,1,1,1,1,0,0,1,1,1,1,2,2,2,1,1,1,0,9,1
07_08_00_22_11,42,M,6,0,1,1,0,1,1,1,0,1,0,1,0,1,1,2,0,2,0,0,1,0,5,1
09_01_01_10_19,28,F,4,0,0,1,0,0,0,0,0,1,0,1,0,0,1,0,0,2,0,0,1,0,3,1
31_07_00_23_41,18,F,2,0,1,1,1,1,1,1,1,0,0,1,1,0,1,0,2,2,0,0,0,0,4,1
479693_a,30,F,3,0,0,1,0,0,0,0,1,0,0,1,0,0,1,2,2,0,1,1,1,0,7,1
19_06_00_09_50,20,F,5,0,0,1,0,0,1,1,0,1,0,1,0,0,1,2,2,2,1,0,1,0,8,1
749590_c,13,f,9,0,0,1,0,1,0,0,1,0,0,1,0,1,1,0,0,0,0,0,0,1,1,0
23_10_00_09_35,64,F,3,0,0,1,1,0,1,1,0,0,1,1,0,0,0,0,0,2,0,0,0,0,2,0
23_10_00_08_55,72,F,7,0,1,1,0,1,1,0,1,0,0,1,0,1,1,2,2,2,0,0,0,0,6,1
28_11_00_09_00,52,F,3,0,0,1,0,0,0,0,0,0,1,1,0,0,0,2,0,0,0,0,1,0,3,1
16_07_00_23_18,50,F,6,1,0,1,1,1,1,1,1,0,0,1,1,1,1,2,2,2,0,0,0,0,6,1
273402_a,56,F,8,0,0,1,0,0,0,0,0,1,0,1,0,1,1,0,0,2,1,0,1,1,5,1
18_12_00_11_11,65,M,25,0,0,0,0,0,1,0,0,1,0,1,0,1,1,2,0,2,0,1,1,1,7,1
09_06_00_14_52,33,M,4,0,0,1,1,0,1,1,0,1,0,1,0,0,1,2,0,2,0,0,0,0,4,1
743826_a,47,F,9,1,1,1,1,1,1,1,1,0,0,1,1,1,1,2,2,2,0,0,1,1,8,1
564891_a,46,F,12,0,0,1,0,0,0,0,1,0,0,1,0,1,1,0,0,0,0,0,0,1,1,0
729645_b,35,F,6,0,0,1,0,1,0,0,1,0,0,1,0,1,1,0,0,2,0,0,0,0,2,0
570808_a,41,f,4,0,1,1,1,1,1,1,1,0,0,1,1,0,1,2,2,2,0,0,0,1,7,1
15_08_00_22_12,30,F,2,0,0,1,0,0,0,0,1,0,0,1,0,0,1,2,0,0,0,0,0,0,2,0
570808_b,41,f,7,0,0,1,0,1,0,0,0,1,0,1,0,1,1,2,2,2,0,0,0,0,6,1
24_10_00_11_02,24,F,3,0,1,1,1,1,1,1,0,1,0,1,1,0,1,2,2,2,0,0,1,0,7,1
920437_a,11,f,14,0,0,1,0,1,0,0,0,1,0,1,0,1,1,0,0,2,0,0,1,1,4,1
728834_a,84,f,12,0,0,1,0,1,1,1,1,0,0,0,0,1,1,2,2,2,0,0,0,1,7,1
10_10_00_09_17,40,M,3,0,0,1,0,1,0,0,0,1,0,1,0,0,1,0,0,0,0,0,0,0,0,0
21_11_00_10_19,31,F,4,0,0,1,0,0,0,0,0,0,1,1,0,0,0,0,0,0,0,0,0,0,0,0
564891_b,46,F,12,0,0,0,0,0,0,0,1,0,0,1,0,1,1,0,0,0,0,0,0,1,1,0
1465013_a,27,m,4,0,0,1,0,1,0,0,1,0,0,1,0,0,1,0,0,0,0,0,0,0,0,0
02_10_00_10_21,15,F,3,0,0,1,0,0,1,0,0,0,1,1,0,0,0,2,0,2,0,1,1,0,6,1
526775_a,44,m,8,0,0,1,1,0,1,1,1,0,0,1,0,1,1,2,0,2,0,0,1,1,6,1
1465013_b,27,m,8,0,0,1,0,1,0,0,1,0,0,1,0,1,1,0,0,0,0,0,0,1,1,0
1493718_a,75,F,25,1,1,1,1,1,1,1,1,0,0,1,1,1,1,2,2,2,0,0,0,1,7,1
10_10_00_10_09,79,F,6,0,1,1,1,0,1,1,1,0,0,1,0,1,1,2,0,2,0,0,0,0,4,1
07_08_00_22_12,42,M,4,0,0,1,0,1,0,0,0,1,0,1,0,0,1,2,0,0,0,0,0,0,2,0
1491688_a,18,m,16,0,0,1,0,1,0,0,1,0,0,1,0,1,1,2,2,2,1,1,1,1,10,1
30_06_00_14_50,41,M,7,0,0,0,0,0,0,0,0,1,0,1,0,1,1,2,0,0,0,0,0,0,2,0
26_05_00_16_56,53,M,5,0,1,1,0,0,0,0,1,0,0,1,0,0,1,0,0,2,0,0,0,0,2,0
1430918_a,14,f,7,0,1,1,1,0,1,1,0,1,0,1,0,1,1,2,0,0,0,0,0,1,3,1
517630_b,32,m,10,0,0,1,0,0,0,0,1,0,0,0,0,1,1,0,0,0,0,0,0,1,1,0
22_08_00_22_30,41,M,4,0,0,0,0,1,0,0,1,0,0,1,0,0,1,2,0,2,0,0,1,1,6,1
07_11_00_11_19,28,F,7,0,0,1,0,0,0,0,0,0,1,1,0,1,0,0,0,0,1,0,0,1,2,0
30_05_00_10_53,36,F,6,0,1,1,1,1,1,1,1,0,0,1,1,1,1,2,2,0,0,0,0,0,4,1
21_11_00_09_33,67,M,10,1,1,1,1,1,1,1,1,0,0,1,1,1,1,2,2,2,0,0,0,1,7,1
29_09_00_16_25,37,M,10,0,1,1,1,0,1,1,1,0,0,1,0,1,1,0,0,0,0,0,0,1,1,0
994833_a,26,M,4,0,1,1,1,1,1,1,0,1,0,1,1,0,1,2,0,2,0,0,1,0,5,1
14_08_00_21_51,27,F,2,0,0,1,0,0,0,0,0,0,1,1,0,0,0,2,0,2,0,0,1,0,5,1
161595_a,71,F,20,1,1,1,1,1,1,1,1,0,0,1,1,1,1,2,2,0,0,0,1,1,6,1
20_11_00_10_07,40,F,3,0,0,0,0,0,0,0,0,1,0,1,0,0,1,0,0,0,0,0,0,0,0,0
161384_b,71,M,4,0,1,1,1,1,1,1,0,0,1,1,1,0,0,0,0,0,0,0,0,0,0,0
1433221_a,29,f,4,0,0,1,1,0,0,0,0,0,1,1,0,0,0,0,0,2,0,0,0,0,2,0
03_01_01_10_14,64,M,4,0,0,1,0,0,0,0,0,1,0,1,0,0,1,2,0,2,0,0,0,0,4,1
30_05_00_11_41,89,M,25,1,1,1,1,1,1,1,1,0,0,1,1,1,1,2,2,2,0,0,0,1,7,1
24_11_00_14_57,30,F,10,0,0,1,0,0,0,0,0,0,1,0,0,1,0,2,0,0,0,0,0,1,3,1
14_08_00_21_11,37,F,3,0,0,1,0,1,1,0,0,1,0,1,0,0,1,0,0,0,0,0,0,0,0,0
382263_a,63,m,20,0,1,1,0,1,0,0,1,0,0,1,0,1,1,2,0,0,0,0,1,1,4,1
29_09_00_15_36,59,F,8,1,1,1,1,1,1,1,1,0,0,1,1,1,1,2,2,2,1,1,1,1,10,1
23_06_00_16_56,80,F,5,1,1,1,0,1,1,1,1,0,0,1,0,0,1,0,0,0,0,1,0,0,1,0
445463_a,27,f,4,0,0,1,0,1,0,0,0,0,1,0,0,0,0,2,0,0,1,1,1,0,5,1
03_10_00_10_06,27,F,4,0,0,1,1,1,1,1,1,0,0,1,1,0,1,0,2,2,0,0,0,0,4,1
24_11_00_15_31,35,F,3,0,1,1,0,1,0,0,0,1,0,1,0,0,1,2,0,0,0,0,1,0,3,1
09_06_00_15_55,26,M,7,0,0,1,0,0,0,0,1,0,0,1,0,1,1,0,0,0,0,0,1,1,2,0
31_07_00_22_50,63,F,5,1,1,1,1,1,1,1,1,0,0,1,1,0,1,2,2,2,0,0,0,0,6,1
25_09_00_23_07,20,M,3,0,1,1,1,1,1,1,1,0,0,1,1,0,1,0,0,0,0,0,0,0,0,0
1359274_a,50,f,12,1,1,1,1,1,1,1,1,0,0,1,1,1,1,2,2,2,0,0,0,1,7,1
07_11_00_09_29,9,M,3,0,0,1,1,0,1,0,0,1,0,1,0,0,1,2,2,2,0,0,0,0,6,1
22_11_00_13_43,87,M,12,0,1,1,1,0,1,1,1,0,0,1,0,1,1,2,0,0,0,0,0,1,3,1
06_12_00_14_46,83,F,45,0,0,1,0,0,0,0,1,0,0,1,0,1,1,0,0,0,0,0,0,1,1,0
729645_c,35,F,6,0,0,1,0,0,0,0,0,1,0,1,0,1,1,0,0,2,0,0,0,0,2,0
03_01_01_13_23,53,F,12,0,0,1,0,1,1,1,1,0,0,1,0,1,1,2,0,2,0,1,0,1,6,1
1492461_a,57,m,15,1,1,1,1,1,1,1,1,0,0,1,1,1,1,2,2,2,0,0,1,1,8,1
14_08_00_21_50,27,F,1,0,0,1,0,0,0,0,0,1,0,1,0,0,1,0,0,0,0,0,0,0,0,0
914102_a,35,f,9,0,0,0,0,0,0,0,0,0,1,1,0,1,0,0,0,0,0,0,0,1,1,0
111111,33,F,6,1,1,1,1,1,1,1,0,1,0,1,1,1,1,2,2,2,0,0,0,0,6,1
852371_a,17,f,12,0,0,0,0,0,0,0,0,0,1,0,0,1,0,2,0,0,0,0,1,1,4,1
504519_a,41,f,6,0,0,1,0,0,0,0,0,0,1,1,0,1,0,0,0,0,0,0,1,0,1,0
197914_b,45,F,6,0,0,1,0,0,1,1,1,0,0,1,0,1,1,0,0,0,0,0,0,0,0,0
1471705_a,28,f,8,0,0,1,0,0,0,0,0,1,0,1,0,1,1,0,2,2,0,1,0,1,6,1
17_07_00_21_12,84,F,5,0,0,0,0,0,0,0,1,0,0,1,0,0,1,2,2,0,0,0,0,0,4,1
03_01_01_14_53,37,F,3,0,0,1,0,0,0,0,0,0,1,0,0,0,0,2,0,0,0,0,0,0,2,0
06_12_00_09_42,27,M,3,0,1,0,1,0,1,1,0,0,1,1,0,0,0,0,0,0,0,0,0,0,0,0
1496564_a,59,f,16,1,1,1,0,1,1,1,1,0,0,1,0,1,1,2,0,2,0,0,0,1,5,1
1475999_a,42,M,6,0,0,1,0,0,0,0,1,0,0,1,0,1,1,0,0,0,0,0,0,0,0,0
718460_a,52,F,4,0,0,1,1,1,1,1,0,0,1,1,1,0,0,0,0,0,0,0,0,0,0,0
269199_a,33,F,3,0,0,1,1,0,0,0,0,0,1,1,0,0,0,0,0,2,1,0,1,0,4,1
19_06_00_10_24,65,F,4,0,1,1,1,0,1,1,1,0,0,1,0,0,1,2,0,2,0,0,0,0,4,1
17_07_00_22_47,71,F,17,0,1,1,0,0,0,0,1,0,0,1,0,1,1,2,0,2,0,0,0,1,5,1
1374317_b,25,F,3,0,0,1,0,0,0,0,0,1,0,1,0,0,1,2,0,0,0,0,0,0,2,0
17_11_00_15_58,87,F,15,1,1,1,1,0,1,1,1,0,0,1,0,1,1,0,0,0,0,0,0,1,1,0
03_01_01_10_24,56,M,6,0,0,1,0,0,0,0,0,0,1,1,0,1,0,2,0,0,0,0,0,0,2,0
12_12_00_09_19,14,F,3,0,0,1,1,0,1,0,0,1,0,1,0,0,1,2,0,0,0,0,0,0,2,0
12_01_01_14_22,26,F,3,0,0,0,0,0,0,0,0,1,0,1,0,0,1,0,0,0,0,0,0,0,0,0
12_12_00_10_05,33,M,10,0,0,1,1,1,1,1,1,0,0,1,1,1,1,2,0,0,0,0,0,1,3,1
1023053_a,35,f,3,0,1,1,1,0,0,0,0,1,0,1,0,0,1,2,2,2,0,0,0,0,6,1
19_06_00_09_09,44,F,14,0,0,1,0,0,0,0,0,0,1,1,0,1,0,0,0,0,0,0,0,1,1,0
05_06_00_08_59,54,F,15,1,1,1,1,1,1,1,0,1,0,1,1,1,1,2,2,0,0,0,0,1,5,1
14_07_00_05_18,56,M,10,1,1,1,1,1,1,1,1,0,0,1,1,1,1,0,0,0,0,0,0,1,1,0
338064_a,45,m,10,0,0,0,1,0,0,0,0,0,1,0,0,1,0,2,2,2,0,0,0,1,7,1
02_10_00_09_11,13,M,20,0,0,1,1,1,1,1,0,0,1,1,1,1,0,0,0,0,0,0,0,1,1,0
1419345_a,23,M,4,0,0,1,0,0,1,0,0,1,0,1,0,0,1,0,0,0,0,0,0,0,0,0
719351_a,14,f,10,0,1,1,1,1,1,1,0,0,1,1,1,1,0,2,0,2,0,0,0,1,5,1
1371520_a,26,F,8,0,0,1,0,0,0,0,0,1,0,1,0,1,1,2,0,0,0,0,0,1,3,1
27_10_00_13_59,40,M,6,1,0,1,0,0,0,0,1,0,0,1,0,1,1,2,0,2,0,0,0,0,4,1
06_11_00_09_34,40,F,6,0,0,1,0,0,0,0,0,1,0,1,0,1,1,2,2,0,0,0,0,0,4,1
80936_a,73,F,8,0,1,0,1,0,1,1,0,1,0,1,0,1,1,2,2,0,0,0,1,1,6,1
07_08_00_22_07,42,M,6,0,0,1,0,1,0,0,0,0,1,1,0,1,0,2,0,0,0,0,0,0,2,0
25_07_00_22_58,30,F,3,0,0,1,0,1,0,0,1,0,0,1,0,0,1,0,2,2,0,0,0,0,4,1
15_08_00_23_43,36,M,4,0,1,1,1,1,1,1,1,0,0,1,1,0,1,0,0,0,0,0,0,0,0,0
24_11_00_16_41,31,F,8,0,0,1,0,0,0,0,0,1,0,1,0,1,1,2,2,2,0,0,0,1,7,1
05_06_00_09_57,54,F,10,1,1,1,1,1,1,1,0,0,1,1,1,1,0,2,0,0,0,1,0,1,4,1
30_06_00_14_19,84,M,7,0,1,1,0,1,1,1,1,0,0,1,0,1,1,0,0,0,0,1,0,1,2,0
150476_a,62,f,11,0,1,0,1,0,1,1,1,0,0,1,0,1,1,0,0,0,0,0,0,1,1,0
06_12_00_14_22,67,F,8,0,0,1,0,1,0,0,0,0,1,0,0,1,0,2,0,0,0,0,0,1,3,1
1425995_a,33,m,3,0,0,1,0,0,0,0,0,0,1,0,0,0,0,2,2,2,1,1,0,0,8,1
06_12_00_10_50,51,F,10,1,1,1,1,1,1,1,0,1,0,1,1,1,1,2,0,0,0,0,0,1,3,1
01_08_00_23_48,65,F,3,0,1,1,1,0,1,0,1,0,0,1,0,0,1,2,0,2,0,0,0,0,4,1
517630_c,32,m,5,0,0,1,0,1,1,1,1,0,0,1,0,0,1,0,0,0,0,0,0,0,0,0
27_11_00_10_24,56,M,15,1,1,1,1,0,1,1,1,0,0,1,0,1,1,2,2,2,0,0,1,1,8,1
994833_b,26,M,4,0,0,0,0,0,0,0,0,1,0,0,0,0,1,2,0,2,0,0,1,0,5,1
25_09_00_22_16,37,M,4,0,0,0,0,1,0,0,0,0,1,1,0,0,0,2,2,2,0,0,0,0,6,1
04_07_00_10_45,49,F,4,0,0,1,0,1,0,0,0,0,1,1,0,0,0,0,2,0,0,0,0,0,2,0
07_08_00_22_10,42,M,5,0,0,1,0,1,1,1,1,0,0,1,0,0,1,2,0,0,0,0,0,0,2,0
07_11_00_10_03,51,M,7,0,0,1,0,0,1,1,0,1,0,1,0,1,1,0,0,0,0,0,0,1,1,0
01_08_00_21_16,41,F,3,0,0,1,0,1,0,0,1,0,0,1,0,0,1,0,0,0,0,0,0,0,0,0
03_07_00_09_13,71,M,12,0,1,1,1,1,1,0,0,1,0,1,1,1,1,2,0,0,0,1,0,1,4,1
15_08_00_21_29,23,F,4,0,0,1,0,0,0,0,0,0,1,1,0,0,0,0,0,0,0,0,0,0,0,0
06_11_00_09_14,53,M,10,0,0,0,1,0,1,1,0,0,1,1,0,1,0,2,0,0,0,0,0,1,3,1
504828_a,52,F,12,0,0,1,0,0,0,0,1,0,0,1,0,1,1,2,0,2,0,0,0,1,5,1
30_05_00_12_34,51,M,4,0,0,1,1,1,1,1,0,0,1,1,1,0,0,2,0,0,0,0,0,0,2,0
06_12_00_14_06,80,F,5,0,1,1,1,0,1,0,0,1,0,1,0,0,1,2,0,0,0,0,0,0,2,0
161384_a,71,M,4,0,1,1,1,1,1,1,1,0,0,1,1,0,1,0,0,0,0,0,0,0,0,0
1493436_a,23,f,10,0,1,1,1,0,1,1,1,0,0,1,0,1,1,2,0,2,0,0,0,1,5,1
02_09_00_03_43,26,F,5,0,1,0,1,0,1,1,0,1,0,1,0,0,1,2,0,0,0,0,0,0,2,0
25_09_00_22_15,37,M,5,0,0,0,1,0,1,1,0,1,0,1,0,0,1,2,2,2,0,0,1,0,7,1
02_09_00_02_11,34,F,3,0,0,1,0,0,0,0,0,1,0,1,0,0,1,0,0,0,0,1,0,0,1,0
02_10_00_11_24,63,M,4,1,1,1,1,0,1,1,0,1,0,1,0,0,1,0,0,0,0,1,0,0,1,0